{
  "Content-Security-Policy": "Prevents XSS and content injection",
  "X-Frame-Options": "Protects against Clickjacking",
  "X-Content-Type-Options": "Prevents MIME sniffing",
  "Strict-Transport-Security": "Enforces HTTPS",
  "Access-Control-Allow-Origin": "CORS Misconfiguration",
  "apiKey": "Hardcoded API key exposure",
  "authDomain": "Potential Firebase misconfiguration",
  "databaseURL": "Public cloud DB endpoint",
  "access_token": "Leaked credentials/token",
  "secret": "Sensitive data disclosure",
  "dangerouslySetInnerHTML": "DOM-based XSS risk",
  "useEffect": "Can trigger client-side behavior with injected props",
  "window.location": "Redirect injection",
  "react-router-dom": "Client-side routing manipulation",
  "child_process": "Command injection risk",
  "eval": "Remote code execution",
  "fs.readFile": "File disclosure",
  "express-session": "Session misconfiguration",
  "req.body": "User input \u2014 injection vector",
  "$.get": "Client-side GET request \u2014 XSS or CSRF",
  "$.post": "Client-side POST \u2014 CSRF risk",
  "$.ajax": "Generic data exfil or DOM injection",
  "axios": "Used for HTTP requests \u2014 CSRF/exfiltration",
  "response.data": "Could expose sensitive output",
  "s3.amazonaws.com": "S3 bucket exposure",
  "firebaseio.com": "Public Firebase database",
  "cloudfront.net": "Asset delivery \u2014 cache poisoning",
  "GCP_PROJECT": "Hardcoded project info",
  "aws_secret_access_key": "Key leakage",
  "SELECT": "SQL Injection",
  "INSERT": "SQL Injection",
  "UPDATE": "SQL Injection",
  "DELETE": "SQL Injection",
  "DROP": "Destructive SQL Injection",
  "UNION": "Union-based SQL Injection",
  "WHERE": "SQL Injection control point",
  "OR 1=1": "Authentication bypass",
  "--": "SQL comment injection",
  "' OR": "Authentication bypass",
  "\" OR": "SQL Injection",
  "xp_cmdshell": "Command execution via SQL Server",
  "LOAD_FILE": "Read local files (MySQL)",
  "INFORMATION_SCHEMA": "Database enumeration",
  "mysql": "MySQL-specific query target",
  "pg_sleep": "Time-based blind SQLi (PostgreSQL)",
  "SLEEP": "Time-based SQL Injection",
  "include": "File inclusion (LFI, RFI)",
  "require": "File inclusion (LFI, RFI)",
  "system": "Command injection",
  "exec": "Command injection",
  "shell_exec": "Command injection",
  "passthru": "Command injection",
  "popen": "Command injection",
  "proc_open": "Command injection",
  "base64_decode": "Obfuscation and payload hiding",
  "unserialize": "PHP Object Injection",
  "$_GET": "User-controlled input, injection point",
  "$_POST": "User-controlled input, injection point",
  "$_COOKIE": "Client-controlled input, tampering",
  "$_SERVER": "Header-based injection, server variable abuse",
  "move_uploaded_file": "Unrestricted file upload",
  "is_uploaded_file": "Used to verify uploads (can be bypassed)",
  "header": "HTTP Response Splitting, redirect manipulation"
}
